{"ret": 0.3569944671408045, "mtx": [[21157.723686428104, 0.0, 2204.193288532815], [0.0, 21167.921712264324, 1350.956400592859], [0.0, 0.0, 1.0]], "dist": [[-0.29124254511636605, -1.0759778427715418, -0.0017755717198611569, 0.002301468988795489, 0.38878947958536353]], "rvecs": [[[0.015218383466136543], [-0.004395512227846765], [-0.02073109073303974]], [[0.004781050743360297], [0.03507065484736631], [-0.01923671924450035]], [[0.029211987969023905], [0.027089428834191312], [-0.18687352396192553]], [[0.026635460962948863], [0.026320837721396973], [-0.19094340385669906]], [[-0.002101736174837381], [-0.12848116742356924], [-0.08342603941411089]], [[0.0143074468231012], [-0.3499046937248722], [0.05348984768644952]], [[0.02249348738297181], [-0.34617405432202997], [0.07541726101651511]], [[0.013598605952325203], [-0.49727053881968536], [0.01620628251473022]], [[-0.19240648694629], [0.12508451767897497], [1.55270516870338]], [[-0.24473847107652755], [0.08365409754370101], [1.5577119648299935]], [[-0.21144556293814853], [-0.026853678568908135], [-0.003004248853524397]], [[-0.23683933172999141], [-0.07313080254452699], [-0.07327744518681877]], [[-0.33494605178164255], [-0.056494484488105026], [-0.03286961242675021]], [[-0.4271839624402038], [-0.020559440334446705], [-0.02565952007431446]], [[-0.8279285623665067], [-0.07304918878418167], [-0.10564607570116481]], [[-0.7519731797557084], [0.5869040695543242], [1.2579402476297674]], [[-0.7521570912298073], [0.4718312501224321], [1.240932486354643]], [[-0.7757897440363982], [0.04459497775954224], [0.1688907818111926]], [[-0.050134655912683325], [1.3144889956099144], [2.838430019392778]], [[-0.0618344041686716], [1.2899591831334705], [2.8029486558079046]], [[-0.19525014471605712], [-0.2847153473596409], [-3.1222406363920836]], [[-0.28320419134200814], [-0.35901647472420534], [-2.942142311105117]], [[0.840866103204167], [-0.4720492320320164], [-2.8643023506424883]], [[0.8434706341966854], [-0.5183388001730045], [-2.9284153965030355]], [[-0.8789046356588349], [0.5136961035050815], [2.9472586779659355]]], "tvecs": [[[-8.461804512714783], [-3.966503763792922], [108.4978214896797]], [[-7.234283868945888], [0.6301437404912995], [97.37206082751798]], [[-3.2338894476905047], [-0.30392217013561257], [108.42003271633925]], [[-4.384134672465316], [-0.2074957239795514], [109.06967601933313]], [[-7.535782079776141], [-3.7888920305358713], [101.30804476738513]], [[-3.296215669799889], [-3.1600871663508823], [88.0304589717822]], [[-3.637478624473022], [-0.2798399069970099], [92.03708807806466]], [[-2.32334622781287], [-0.5940665235557645], [99.70281602365183]], [[-0.49415625003840274], [-1.6865673031518986], [101.17602008512274]], [[7.044591113010232], [-1.6924150413385637], [101.94428928727515]], [[-8.244214743284736], [-0.29334406071662206], [100.48242805864847]], [[-2.986005970035662], [-3.909772670460487], [101.79234369115726]], [[-9.258653085417606], [-4.647063823434607], [102.20383419025403]], [[-8.06197897156506], [-4.69351806893464], [102.551013607336]], [[-5.60880698034556], [-0.8822810650744344], [97.16575356773674]], [[-2.921606607008184], [-4.6050419467241035], [101.72394699142492]], [[3.705465821043428], [-4.20134102229331], [101.20802454661472]], [[-7.231714737980851], [-0.23058045585405476], [96.09189380736262]], [[6.776853053676613], [-2.1751298555656438], [98.85112333641058]], [[0.6759187020212822], [-0.14535862617202217], [96.11392522603012]], [[6.578773812521434], [2.1073187606279387], [105.81077230326508]], [[-1.9904182135291557], [2.589243746818225], [104.50541911588148]], [[-2.0742884660751155], [2.605713381200682], [106.6392111217192]], [[2.93423926832584], [3.0043538139442014], [103.77669995418294]], [[7.8321960613708805], [2.9169486445435338], [104.47180640090507]]]}