{"ret": 0.22593212907100585, "mtx": [[3788.6985923971274, 0.0, 2639.8076589933016], [0.0, 3788.3066274536113, 1978.189203067354], [0.0, 0.0, 1.0]], "dist": [[0.03609288692294957, -0.11914217058359228, 0.00019211375563420866, 0.001133066618419863, 0.1619958581704084]], "rvecs": [[[-0.0007799458318001108], [0.0011985893768821732], [-0.09440399207585433]], [[-0.0030924499321745053], [0.00379736314139873], [-0.08893542230421958]], [[-0.0010181683564475974], [0.0020914479565977816], [-0.009094759540835795]], [[-0.0013833533483863934], [-0.0016492260615077552], [0.13198278000699498]], [[0.0005175382041014906], [0.004484290670480188], [-0.06357493500141437]], [[-0.0009270689007814602], [0.007958175436830583], [-0.05833145628474331]], [[0.004199387308528588], [-0.005534937988761696], [-0.009833494723298314]], [[0.005076612872788186], [0.007346433523974027], [0.06630125406926068]], [[0.006587732005318739], [-0.14379776980165845], [0.020100707606541778]], [[0.07857702285172669], [-0.1370556114097125], [0.9665676552944471]], [[0.020027959080816653], [-0.1477460063004008], [0.09474375448589768]], [[0.009051075058730011], [-0.15284528421411653], [0.010007317463228823]], [[0.1985508899493791], [-0.2650413157257805], [1.2858129963763238]], [[0.17339195832198714], [-0.27643653469361373], [1.070546061543972]], [[0.3793615780707698], [-0.14443379058467148], [2.440968837285541]], [[0.22472294621712322], [-0.2497205952952628], [1.4925264412548402]]], "tvecs": [[[-14.743684391259169], [-8.45720128719261], [35.29336230377853]], [[-15.861293656268465], [-11.353926880693699], [48.43157843897202]], [[-18.09278455767201], [-12.005972522338896], [47.68587410396443]], [[-0.9391749212398923], [-11.129450545132897], [52.72018670891395]], [[-22.864076637573696], [3.997892194361871], [42.43330161413268]], [[-4.532860633562428], [0.9506898141141582], [31.53579583808234]], [[7.933727386818213], [3.7072520682074033], [31.013257916094723]], [[-1.4925433902769025], [-3.827970136463641], [56.63950652908202]], [[-11.148714101150341], [-7.507076688882656], [33.10534152858229]], [[6.354352550897627], [-2.7820645639587624], [38.79218173119459]], [[5.0873927840117945], [7.466400499204179], [55.581132479776805]], [[7.048013316981731], [-8.40738519376408], [37.38000246733477]], [[-3.8797735783578515], [-18.94788557139377], [64.88728519665501]], [[-23.94893827448433], [-17.55325253287655], [62.59333435145342]], [[8.032771752677636], [6.207970890323724], [42.20610890124409]], [[-1.2742816498511615], [-8.663363059373129], [34.61777055176538]]]}